{
    "author": "Tabler",
    "description": "Modern theme for Paymenter",
	
      "settings": [
        {
            "type": "subcategory",
            "label": "Socialmedia",
            "settings":[
                {
                    "type": "checkbox",
                    "label": "Enable Twitter",
                    "name": "socialmedia-twitter-checkbox",
                    "default": false
                },
				 {
                    "type": "text",
                    "label": "Twitter",
                    "name": "socialmedia-twitter-url",
                    "default": "https://twitter.com/"
                },
				{
                    "type": "checkbox",
                    "label": "Enable Facebook",
                    "name": "socialmedia-facebook-checkbox",
                    "default": false
                },
				{
                    "type": "text",
                    "label": "Facebook",
                    "name": "socialmedia-facebook-url",
                    "default": "https://facebook.com/"
                },
				{
                    "type": "checkbox",
                    "label": "Enable Instagram",
                    "name": "socialmedia-instagram-checkbox",
                    "default": false
                },
				{
                    "type": "text",
                    "label": "Instagram",
                    "name": "socialmedia-instagram-url",
                    "default": "https://instagram.com/"
                },
				{
                    "type": "checkbox",
                    "label": "Enable Linkedin",
                    "name": "socialmedia-linkedin-checkbox",
                    "default": false
                },
				{
                    "type": "text",
                    "label": "Linkedin",
                    "name": "socialmedia-linkedin-url",
                    "default": "https://linkedin.com/"
                },
				{
                    "type": "checkbox",
                    "label": "Enable Discord",
                    "name": "socialmedia-discord-checkbox",
                    "default": false
                },
				{
                    "type": "text",
                    "label": "Discord",
                    "name": "socialmedia-discord-url",
                    "default": "https://discord.com/"
                },
				{
                    "type": "checkbox",
                    "label": "Enable YouTube",
                    "name": "socialmedia-youtube-checkbox",
                    "default": false
                },
				{
                    "type": "text",
                    "label": "YouTube",
                    "name": "socialmedia-youtube-url",
                    "default": "https://youtube.com/"
                }
                
            ]
        },
		{
            "type": "Optional",
            "label": "Optional",
            "settings":[
                {
                    "type": "checkbox",
                    "label": "Enable Website Title (Topbar)",
                    "name": "website-title-checkbox",
                    "default": true
                },
				{
                    "type": "checkbox",
                    "label": "Enable Darkmode Button (Topbar)",
                    "name": "darkmode-checkbox",
                    "default": true
                },
				{
                    "type": "checkbox",
                    "label": "Display Product Categories In Dropdown (Guest Side)",
                    "name": "display-categories-dropdown-checkbox",
                    "default": true
                },
				{
                    "type": "checkbox",
                    "label": "Display Product Categories In Dropdown (Client Side)",
                    "name": "display-categories-dropdown-checkbox",
                    "default": true
                },
				{
                    "type": "checkbox",
                    "label": "Enable Dark Sidenavigation",
                    "name": "enable-dark-sidenavigation-checkbox",
                    "default": false
                }
                
            ]
        },
		{
            "type": "customFooter",
            "label": "Custom Footer",
            "settings":[
                {
                    "type": "checkbox",
                    "label": "Enable Website Title (Footer)",
                    "name": "website-title-footer-checkbox",
                    "default": true
                },
				{
                    "type": "checkbox",
                    "label": "Enable Tabler & Paymenter Credits (Footer)",
                    "name": "footer-credits-checkbox",
                    "default": true
                },
				{
                    "type": "text",
                    "label": "Footer Description (Bottom Logo)",
                    "name": "footer-description-textarea",
                    "default": "Change your footer description at Settings -> Theme"
                },
				{
                    "type": "checkbox",
                    "label": "Organized Footer",
                    "name": "organize-footer-links-checkbox",
                    "default": false
                },
				{
                    "type": "checkbox",
                    "label": "Show Socialmedia (Footer)",
                    "name": "footer-socialmedia-checkbox",
                    "default": false
                },
				{
                    "type": "checkbox",
                    "label": "Show Custom Footer Links",
                    "name": "footer-custom-links-checkbox",
                    "default": false
                },
				{
                    "type": "checkbox",
                    "label": "Footer Background Transparent",
                    "name": "footer-background-transparent-checkbox",
                    "default": false
                }
            ]
        },
		{
            "type": "customFooterLinks",
            "label": "Custom footer links",
            "settings":[
                {
                    "type": "checkbox",
                    "label": "Enable Custom Link (1)",
                    "name": "custom-link-one-checkbox",
                    "default": false
                },
				{
                    "type": "checkbox",
                    "label": "Open Link In New Window",
                    "name": "custom-link-one-openNewWindow-checkbox",
                    "default": false
                },
				{
                    "type": "text",
                    "label": "Title",
                    "name": "custom-link-one-title",
                    "default": "Title"
                },
				{
                    "type": "text",
                    "label": "Url",
                    "name": "custom-link-one-url",
                    "default": "https://example.com"
                },
				{
                    "type": "checkbox",
                    "label": "Enable Custom Link (2)",
                    "name": "custom-link-two-checkbox",
                    "default": false
                },
				{
                    "type": "checkbox",
                    "label": "Open Link In New Window",
                    "name": "custom-link-two-openNewWindow-checkbox",
                    "default": false
                },
				{
                    "type": "text",
                    "label": "Title",
                    "name": "custom-link-two-title",
                    "default": "Title"
                },
				{
                    "type": "text",
                    "label": "Url",
                    "name": "custom-link-two-url",
                    "default": "https://example.com"
                },
				{
                    "type": "checkbox",
                    "label": "Enable Custom Link (3)",
                    "name": "custom-link-three-checkbox",
                    "default": false
                },
				{
                    "type": "checkbox",
                    "label": "Open Link In New Window",
                    "name": "custom-link-three-openNewWindow-checkbox",
                    "default": false
                },
				{
                    "type": "text",
                    "label": "Title",
                    "name": "custom-link-three-title",
                    "default": "Title"
                },
				{
                    "type": "text",
                    "label": "Url",
                    "name": "custom-link-three-url",
                    "default": "https://example.com"
                },
				{
                    "type": "checkbox",
                    "label": "Enable Custom Link (4)",
                    "name": "custom-link-four-checkbox",
                    "default": false
                },
				{
                    "type": "checkbox",
                    "label": "Open Link In New Window",
                    "name": "custom-link-four-openNewWindow-checkbox",
                    "default": false
                },
				{
                    "type": "text",
                    "label": "Title",
                    "name": "custom-link-four-title",
                    "default": "Title"
                },
				{
                    "type": "text",
                    "label": "Url",
                    "name": "custom-link-four-url",
                    "default": "https://example.com"
                }
            ]
        },
		{
            "type": "customNotificationTopbar",
            "label": "Custom Notification Topbar",
            "settings":[
                {
                    "type": "checkbox",
                    "label": "Show Custom Notification",
                    "name": "custom-notification-topbar-checkbox",
                    "default": false
                },
				{
                    "type": "text",
                    "label": "Text",
                    "name": "custom-notification-topbar-text",
                    "default": "Use code COUPON to get 25% off"
                }
            ]
        }
		 
    ]

}