{
    "author": "Sions-Host.de",
    "description": "Modul Theme for Paymenter",
    "settings": [
        {
            "type": "checkbox",
            "label": "Snow",
            "name": "snow",
            "default": false
        },
        {
            "type": "subcategory",
            "label": "Sions General options",
            "settings": [
                {
                    "type": "checkbox",
                    "label": "Enable/Disable Categories in Navigation",
                    "name": "sions-general-catnav",
                    "default": true
                },
                {
                    "type": "checkbox",
                    "label": "Enable/Disable Categories on Shop Site",
                    "name": "sions-general-catshop",
                    "default": false
                }
            ]
        },
        {
            "type": "subcategory",
            "label": "Sions Socialmedia Footer/Section",
            "settings": [
                {
                    "type": "text",
                    "label": "Social Media Text",
                    "name": "sions-section-media-text",
                    "default": "Follow us on social media to stay updated with our latest news, offers, and insights!"
                },
                {
                    "type": "text",
                    "label": "Instagram (empty=disabled)",
                    "name": "sions-social-instagram",
                    "default": ""
                },
                {
                    "type": "text",
                    "label": "Facebook (empty=disabled)",
                    "name": "sions-social-facebook",
                    "default": ""
                },
                {
                    "type": "text",
                    "label": "Snapchat (empty=disabled)",
                    "name": "sions-social-snapchat",
                    "default": ""
                },
                {
                    "type": "text",
                    "label": "Twitter (empty=disabled)",
                    "name": "sions-social-twitter",
                    "default": ""
                },
                {
                    "type": "text",
                    "label": "LinkedIn (empty=disabled)",
                    "name": "sions-social-linkedin",
                    "default": ""
                },
                {
                    "type": "text",
                    "label": "Reddit (empty=disabled)",
                    "name": "sions-social-reddit",
                    "default": ""
                },
                {
                    "type": "text",
                    "label": "Discord (empty=disabled)",
                    "name": "sions-social-discord",
                    "default": ""
                }
            ]
        },
        {
            "type": "subcategory",
            "label": "Sions Header",
            "settings": [
                {
                    "type": "text",
                    "label": "Banner Welcome Page (URL) (empty=disabled)",
                    "name": "sions-header-home",
                    "default": "https://cdn.pixabay.com/photo/2015/03/01/19/32/minecraft-655158_1280.jpg"
                },
                {
                    "type": "text",
                    "label": "Banner Subpages (URL) (empty=disabled)",
                    "name": "sions-header-sub",
                    "default": "https://cdn.pixabay.com/photo/2016/07/28/18/55/spaceship-1548838_1280.jpg"
                },
                {
                    "type": "text",
                    "label": "Header Headline (empty=disabled)",
                    "name": "sions-header-text",
                    "default": "Welcome to our website"
                },
                {
                    "type": "textarea",
                    "label": "Header Subtext (empty=disabled)",
                    "name": "sions-header-subtext",
                    "default": "This is a subtext"
                },
                {
                    "type": "text",
                    "label": "Product (empty=disabled)",
                    "name": "sions-header-product",
                    "default": "*** Please enter the Productname ***"
                },
                {
                    "type": "text",
                    "label": "Pricing from - label",
                    "name": "sions-header-productprice",
                    "default": "starting at"
                },
                {
                    "type": "color",
                    "label": "Header text color",
                    "name": "sions-header-color",
                    "default": "#CACBD2"
                }
            ]
        },
        {
            "type": "subcategory",
            "label": "Sions Sections",
            "settings": [
                {
                    "type": "checkbox",
                    "label": "Enable/Disable Categories",
                    "name": "sions-section-categories",
                    "default": true
                },
                {
                    "type": "text",
                    "label": "Categories Title (empty=disabled)",
                    "name": "sions-section-categories-title",
                    "default": "Categories"
                },
                {
                    "type": "checkbox",
                    "label": "Enable/Disable Features",
                    "name": "sions-section-features",
                    "default": true
                },
                {
                    "type": "text",
                    "label": "Features Title (empty=disabled)",
                    "name": "sions-section-features-title",
                    "default": "Boost your performance"
                },
                {
                    "type": "checkbox",
                    "label": "Enable/Disable Social Media",
                    "name": "sions-section-media",
                    "default": true
                },
                {
                    "type": "text",
                    "label": "Social Media Title (empty=disabled)",
                    "name": "sions-section-media-title",
                    "default": "Meet us on Social Media"
                },
                {
                    "type": "checkbox",
                    "label": "Enable/Disable Uptime",
                    "name": "sions-section-uptime",
                    "default": true
                },
                {
                    "type": "text",
                    "label": "Uptime Title (empty=disabled)",
                    "name": "sions-section-uptime-title",
                    "default": "Our Uptime"
                },
                {
                    "type": "checkbox",
                    "label": "Enable/Disable Hardware",
                    "name": "sions-section-hardware",
                    "default": true
                },
                {
                    "type": "text",
                    "label": "Hardware Title (empty=disabled)",
                    "name": "sions-section-hardware-title",
                    "default": "Our Hardware"
                },
                {
                    "type": "checkbox",
                    "label": "Enable/Disable Announcements",
                    "name": "sions-section-announcements",
                    "default": true
                },
                {
                    "type": "text",
                    "label": "Announcements Title (empty=disabled)",
                    "name": "sions-section-announcements-title",
                    "default": "Announcements"
                },
                {
                    "type": "checkbox",
                    "label": "Enable/Disable Image",
                    "name": "sions-section-image",
                    "default": true
                },
                {
                    "type": "text",
                    "label": "Image URL",
                    "name": "sions-section-image-url",
                    "default": "https://cdn.pixabay.com/photo/2023/04/29/16/40/ai-generated-7958926_1280.jpg"
                },
                {
                    "type": "checkbox",
                    "label": "Enable/Disable Paymentmethods",
                    "name": "sions-section-pay",
                    "default": true
                },
                {
                    "type": "text",
                    "label": "Paymentmethods Title (empty=disabled)",
                    "name": "sions-section-pay-title",
                    "default": "Paymentmethods"
                }
            ]
        },
        {
            "type": "subcategory",
            "label": "Sions Sections: Features",
            "settings": [
                {
                    "type": "text",
                    "label": "Box 1 Headline",
                    "name": "sions-features-1-headline",
                    "default": "Fast & Reliable"
                },
                {
                    "type": "textarea",
                    "label": "Box 1 Content",
                    "name": "sions-features-1-text",
                    "default": "Experience fast and reliable hosting with top-notch performance."
                },
                {
                    "type": "text",
                    "label": "Box 1 Icon",
                    "name": "sions-features-1-icon",
                    "default": "ri-rocket-line"
                },
                {
                    "type": "color",
                    "label": "Box 1 Color",
                    "name": "sions-features-1-color",
                    "default": "#28a745"
                },
                {
                    "type": "text",
                    "label": "Box 2 Headline",
                    "name": "sions-features-2-headline",
                    "default": "Secure Hosting"
                },
                {
                    "type": "textarea",
                    "label": "Box 2 Content",
                    "name": "sions-features-2-text",
                    "default": "Your data is protected with our advanced security features."
                },
                {
                    "type": "text",
                    "label": "Box 2 Icon",
                    "name": "sions-features-2-icon",
                    "default": "ri-lock-line"
                },
                {
                    "type": "color",
                    "label": "Box 2 Color",
                    "name": "sions-features-2-color",
                    "default": "#ff5722"
                },
                {
                    "type": "text",
                    "label": "Box 3 Headline",
                    "name": "sions-features-3-headline",
                    "default": "24/7 Support"
                },
                {
                    "type": "textarea",
                    "label": "Box 3 Content",
                    "name": "sions-features-3-text",
                    "default": "Our support team is available 24/7 to assist you with any issues."
                },
                {
                    "type": "text",
                    "label": "Box 3 Icon",
                    "name": "sions-features-3-icon",
                    "default": "ri-headphone-line"
                },
                {
                    "type": "color",
                    "label": "Box 3 Color",
                    "name": "sions-features-3-color",
                    "default": "#007bff"
                },
                {
                    "type": "text",
                    "label": "Box 4 Headline",
                    "name": "sions-features-4-headline",
                    "default": "Scalable Solutions"
                },
                {
                    "type": "textarea",
                    "label": "Box 4 Content",
                    "name": "sions-features-4-text",
                    "default": "Easily scale your hosting to meet growing demands with ease."
                },
                {
                    "type": "text",
                    "label": "Box 4 Icon",
                    "name": "sions-features-4-icon",
                    "default": "ri-layout-line"
                },
                {
                    "type": "color",
                    "label": "Box 4 Color",
                    "name": "sions-features-4-color",
                    "default": "#673ab7"
                },
                {
                    "type": "text",
                    "label": "Box 5 Headline",
                    "name": "sions-features-5-headline",
                    "default": "User-Friendly Panel"
                },
                {
                    "type": "textarea",
                    "label": "Box 5 Content",
                    "name": "sions-features-5-text",
                    "default": "Manage your hosting easily with our intuitive control panel."
                },
                {
                    "type": "text",
                    "label": "Box 5 Icon",
                    "name": "sions-features-5-icon",
                    "default": "ri-settings-3-line"
                },
                {
                    "type": "color",
                    "label": "Box 5 Color",
                    "name": "sions-features-5-color",
                    "default": "#ffc107"
                },
                {
                    "type": "text",
                    "label": "Box 6 Headline",
                    "name": "sions-features-6-headline",
                    "default": "DDoS Protection"
                },
                {
                    "type": "textarea",
                    "label": "Box 6 Content",
                    "name": "sions-features-6-text",
                    "default": "Stay safe from attacks with our robust DDoS protection system."
                },
                {
                    "type": "text",
                    "label": "Box 6 Icon",
                    "name": "sions-features-6-icon",
                    "default": "ri-shield-line"
                },
                {
                    "type": "color",
                    "label": "Box 6 Color",
                    "name": "sions-features-6-color",
                    "default": "#e91e63"
                }
            ]
        },
        {
            "type": "subcategory",
            "label": "Sions Sections: Uptime",
            "settings": [
                {
                    "type": "text",
                    "label": "Uptime Text",
                    "name": "sions-uptime-text",
                    "default": "Our services have been running smoothly for:"
                },
                {
                    "type": "text",
                    "label": "Server status (online/offline/maintenance)",
                    "name": "sions-uptime-status",
                    "default": "online"
                },
                {
                    "type": "number",
                    "label": "Server runtime",
                    "name": "sions-uptime-runtime",
                    "default": "1"
                }
            ]
        },
        {
            "type": "subcategory",
            "label": "Sions Sections: Hardware",
            "settings": [
                {
                    "type": "text",
                    "label": "Hardware Text",
                    "name": "sions-hardware-text",
                    "default": "Current hardware specifications of our server."
                },
                {
                    "type": "text",
                    "label": "CPU",
                    "name": "sions-hardware-cpu",
                    "default": "Intel Xeon E5-2620"
                },
                {
                    "type": "text",
                    "label": "RAM",
                    "name": "sions-hardware-ram",
                    "default": "32 GB DDR4"
                },
                {
                    "type": "text",
                    "label": "Storage",
                    "name": "sions-hardware-storage",
                    "default": "1 TB SSD"
                },
                {
                    "type": "text",
                    "label": "Network",
                    "name": "sions-hardware-network",
                    "default": "1 Gbps Ethernet"
                }
            ]
        },
        {
            "type": "subcategory",
            "label": "Sions Footer",
            "settings": [
                {
                    "type": "checkbox",
                    "label": "Enable/Disable Footer",
                    "name": "sions-footer",
                    "default": true
                },
                {
                    "type": "checkbox",
                    "label": "Enable/Disable Logo",
                    "name": "sions-footer-logo",
                    "default": true
                },
                {
                    "type": "checkbox",
                    "label": "Enable/Disable Social Media",
                    "name": "sions-footer-media",
                    "default": true
                },
                {
                    "type": "checkbox",
                    "label": "Enable/Disable Categories",
                    "name": "sions-footer-categories",
                    "default": true
                },
                {
                    "type": "checkbox",
                    "label": "Enable/Disable Products",
                    "name": "sions-footer-products",
                    "default": true
                },
                {
                    "type": "checkbox",
                    "label": "Enable/Disable Quick Links",
                    "name": "sions-footer-refer",
                    "default": true
                },
                {
                    "type": "checkbox",
                    "label": "Enable/Disable Second footer",
                    "name": "sions-footer-second",
                    "default": true
                },
                {
                    "type": "text",
                    "label": "Social Media Headline",
                    "name": "sions-footer-media-text",
                    "default": "Social Media"
                },
                {
                    "type": "text",
                    "label": "Quick Links Headline",
                    "name": "sions-footer-refer-text",
                    "default": "Links"
                },
                {
                    "type": "text",
                    "label": "Second Footer Text (empty=disabled)",
                    "name": "sions-footer-second-text",
                    "default": ""
                }
            ]
        },
        {
            "type": "subcategory",
            "label": "Sions Footer Links",
            "settings": [
                {
                    "type": "text",
                    "label": "Link 1 (empty=disabled)",
                    "name": "sions-footer-1link",
                    "default": ""
                },
                {
                    "type": "text",
                    "label": "Link 1 displaytext",
                    "name": "sions-footer-1link-text",
                    "default": ""
                },
                {
                    "type": "text",
                    "label": "Link 2 (empty=disabled)",
                    "name": "sions-footer-2link",
                    "default": ""
                },
                {
                    "type": "text",
                    "label": "Link 2 displaytext",
                    "name": "sions-footer-2link-text",
                    "default": ""
                },
                {
                    "type": "text",
                    "label": "Link 3 (empty=disabled)",
                    "name": "sions-footer-3link",
                    "default": ""
                },
                {
                    "type": "text",
                    "label": "Link 3 displaytext",
                    "name": "sions-footer-3link-text",
                    "default": ""
                },
                {
                    "type": "text",
                    "label": "Link 4 (empty=disabled)",
                    "name": "sions-footer-4link",
                    "default": ""
                },
                {
                    "type": "text",
                    "label": "Link 4 displaytext",
                    "name": "sions-footer-4link-text",
                    "default": ""
                }
            ]
        },
        {
            "type": "subcategory",
            "label": "Sions Announcements",
            "settings": [
                {
                    "type": "text",
                    "label": "Translation: Search",
                    "name": "sions-announcements-search",
                    "default": "Search"
                },
                {
                    "type": "text",
                    "label": "Translation: Searched for",
                    "name": "sions-announcements-back",
                    "default": "Back"
                },
                {
                    "type": "text",
                    "label": "Translation: Searched for",
                    "name": "sions-announcements-searched",
                    "default": "Searched for"
                },
                {
                    "type": "text",
                    "label": "Translation: recently published",
                    "name": "sions-announcements-published",
                    "default": "recently published"
                }
            ]
        },
        {
            "type": "subcategory",
            "label": "Colors Primary",
            "settings": [
                {
                    "type": "color",
                    "label": "Primary 50",
                    "name": "primary-50",
                    "default": "#EDF0FF"
                },
                {
                    "type": "color",
                    "label": "Primary 100",
                    "name": "primary-100",
                    "default": "#C6DBFF"
                },
                {
                    "type": "color",
                    "label": "Primary 200",
                    "name": "primary-200",
                    "default": "#9BBEFB"
                },
                {
                    "type": "color",
                    "label": "Primary 300",
                    "name": "primary-300",
                    "default": "#799CD8"
                },
                {
                    "type": "color",
                    "label": "Primary 400",
                    "name": "primary-400",
                    "default": "#5270FD"
                }
            ]
        },
        {
            "type": "subcategory",
            "label": "Colors Secondary",
            "settings": [
                {
                    "type": "color",
                    "label": "Secondary 50",
                    "name": "secondary-50",
                    "default": "#FFFFFF"
                },
                {
                    "type": "color",
                    "label": "Secondary 100",
                    "name": "secondary-100",
                    "default": "#FAFCFF"
                },
                {
                    "type": "color",
                    "label": "Secondary 200",
                    "name": "secondary-200",
                    "default": "#EBEEF3"
                },
                {
                    "type": "color",
                    "label": "Secondary 300",
                    "name": "secondary-300",
                    "default": "#BBBFD2"
                },
                {
                    "type": "color",
                    "label": "Secondary 400",
                    "name": "secondary-400",
                    "default": "#808498"
                },
                {
                    "type": "color",
                    "label": "Secondary 500",
                    "name": "secondary-500",
                    "default": "#606372"
                },
                {
                    "type": "color",
                    "label": "Secondary 600",
                    "name": "secondary-600",
                    "default": "#4D4F60"
                },
                {
                    "type": "color",
                    "label": "Secondary 700",
                    "name": "secondary-700",
                    "default": "#353741"
                },
                {
                    "type": "color",
                    "label": "Secondary 800",
                    "name": "secondary-800",
                    "default": "#1C1C20"
                },
                {
                    "type": "color",
                    "label": "Secondary 900",
                    "name": "secondary-900",
                    "default": "#000000"
                }
            ]
        },
        {
            "type": "subcategory",
            "label": "Colors Secondary (DarkMode)",
            "settings": [
                {
                    "type": "color",
                    "label": "Secondary 50",
                    "name": "secondary-50-dark",
                    "default": "#1E202D"
                },
                {
                    "type": "color",
                    "label": "Secondary 100",
                    "name": "secondary-100-dark",
                    "default": "#313441"
                },
                {
                    "type": "color",
                    "label": "Secondary 200",
                    "name": "secondary-200-dark",
                    "default": "#404351"
                },
                {
                    "type": "color",
                    "label": "Secondary 300",
                    "name": "secondary-300-dark",
                    "default": "#4F525E"
                },
                {
                    "type": "color",
                    "label": "Secondary 400",
                    "name": "secondary-400-dark",
                    "default": "#656874"
                },
                {
                    "type": "color",
                    "label": "Secondary 500",
                    "name": "secondary-500-dark",
                    "default": "#7D8091"
                },
                {
                    "type": "color",
                    "label": "Secondary 600",
                    "name": "secondary-600-dark",
                    "default": "#AEB2C2"
                },
                {
                    "type": "color",
                    "label": "Secondary 700",
                    "name": "secondary-700-dark",
                    "default": "#CACBD2"
                },
                {
                    "type": "color",
                    "label": "Secondary 800",
                    "name": "secondary-800-dark",
                    "default": "#F1F1F1"
                },
                {
                    "type": "color",
                    "label": "Secondary 900",
                    "name": "secondary-900-dark",
                    "default": "#ffffff"
                }
            ]
        }
    ]
}